<xml xmlns:o="urn:schemas-microsoft-com:office:office">
 <o:MainFile HRef="../HashForm_help.html"/>
 <o:File HRef="preview.wmf"/>
 <o:File HRef="themedata.thmx"/>
 <o:File HRef="colorschememapping.xml"/>
 <o:File HRef="image001.gif"/>
 <o:File HRef="image002.jpg"/>
 <o:File HRef="image003.jpg"/>
 <o:File HRef="image004.jpg"/>
 <o:File HRef="image005.jpg"/>
 <o:File HRef="image006.jpg"/>
 <o:File HRef="image007.jpg"/>
 <o:File HRef="image008.jpg"/>
 <o:File HRef="image009.jpg"/>
 <o:File HRef="image010.jpg"/>
 <o:File HRef="image011.jpg"/>
 <o:File HRef="image012.jpg"/>
 <o:File HRef="image013.jpg"/>
 <o:File HRef="image014.jpg"/>
 <o:File HRef="image015.jpg"/>
 <o:File HRef="image016.jpg"/>
 <o:File HRef="image017.jpg"/>
 <o:File HRef="image018.jpg"/>
 <o:File HRef="image019.jpg"/>
 <o:File HRef="image020.jpg"/>
 <o:File HRef="image021.emz"/>
 <o:File HRef="image022.gif"/>
 <o:File HRef="oledata.mso"/>
 <o:File HRef="image023.jpg"/>
 <o:File HRef="image024.jpg"/>
 <o:File HRef="image025.jpg"/>
 <o:File HRef="image026.jpg"/>
 <o:File HRef="header.html"/>
 <o:File HRef="editdata.mso"/>
 <o:File HRef="filelist.xml"/>
</xml>